{"cameraMode":{"drawMode":0,"name":"Shaded","section":"Shading Mode"},"sceneLighting":true,"audioPlay":false,"sceneViewState":{"showFog":true,"showMaterialUpdate":false,"showSkybox":true,"showFlares":true,"showImageEffects":true,"showParticleSystems":true},"in2DMode":false,"pivot":{"x":11296.1396484375,"y":4652.658203125,"z":-32223.79296875},"rotation":{"x":-0.04376476630568504,"y":0.038052890449762347,"z":-0.00166026980150491,"w":-0.998327910900116},"size":59.786415100097659,"orthographic":false}