{"cameraMode":{"drawMode":0,"name":"Shaded","section":"Shading Mode"},"sceneLighting":true,"audioPlay":false,"sceneViewState":{"showFog":true,"showMaterialUpdate":false,"showSkybox":true,"showFlares":true,"showImageEffects":true,"showParticleSystems":true},"in2DMode":false,"pivot":{"x":-61.67323684692383,"y":7968.29296875,"z":-20697.822265625},"rotation":{"x":-0.20288237929344178,"y":0.010869595222175122,"z":-0.0022417439613491298,"w":-0.9791556596755981},"size":596.35302734375,"orthographic":false}