{"cameraMode":{"drawMode":0,"name":"Shaded","section":"Shading Mode"},"sceneLighting":true,"audioPlay":false,"sceneViewState":{"showFog":true,"showMaterialUpdate":false,"showSkybox":true,"showFlares":true,"showImageEffects":true,"showParticleSystems":true},"in2DMode":false,"pivot":{"x":-9997.3701171875,"y":15000.21484375,"z":10000.8076171875},"rotation":{"x":0.5990264415740967,"y":0.07820549607276917,"z":0.058952152729034427,"w":-0.7947272062301636},"size":3.5673694610595705,"orthographic":true}